<?xml version="1.0"?>
<document>
  <row>
    <names>Mahi</names>
    <Y>2012</Y>
    <played>45</played>
    <won>22</won>
    <lost>12</lost>
    <victory>0.488888888888889</victory>
  </row>
  <row>
    <names>Sourav</names>
    <Y>2004</Y>
    <played>49</played>
    <won>21</won>
    <lost>13</lost>
    <victory>0.428571428571429</victory>
  </row>
  <row>
    <names>Azhar</names>
    <Y>2000</Y>
    <played>47</played>
    <won>14</won>
    <lost>14</lost>
    <victory>0.297872340425532</victory>
  </row>
  <row>
    <names>Sunny</names>
    <Y>1980</Y>
    <played>47</played>
    <won>9</won>
    <lost>8</lost>
    <victory>0.191489361702128</victory>
  </row>
  <row>
    <names>Pataudi</names>
    <Y>1965</Y>
    <played>40</played>
    <won>9</won>
    <lost>19</lost>
    <victory>0.225</victory>
  </row>
  <row>
    <names>Dravid</names>
    <Y>2008</Y>
    <played>25</played>
    <won>8</won>
    <lost>6</lost>
    <victory>0.32</victory>
  </row>
</document>
